train_clusters,r2,r2_ci_low,r2_ci_high,smape,shift_smd_mean,shift_jsd_mean
NONE,0.1534620586629849,0.1497872533075542,0.1572208769427854,121.63604442936732,0.5968479296672485,0.2378082896369611
C,0.1125212833131618,0.1097979703980477,0.1152244038131582,145.32467196112162,0.1155290965109177,0.0482594188950193
S,0.0025933142859725,-0.0005477600597784,0.0054850718848198,156.51394785613823,1.1853023650047432,0.3994003426449264
