{
  "created_utc": "2026-02-03T16:11:46Z",
  "dataset_label": "local_job_partials_snapshot",
  "eval": {
    "source_test": {
      "bias_log": -0.11289303460104039,
      "intercept": 0.1979538115373612,
      "mae_log": 0.11950133475818525,
      "mdae_log": 0.10397851144047632,
      "r2": -3.5242481717924576,
      "slope": 0.9341274951008467,
      "smape": 10.486949110755589
    },
    "target": {
      "bias_log": -2.4303489488265093,
      "intercept": 0.09835613450072617,
      "mae_log": 2.4303489488265093,
      "mdae_log": 2.6336373606574344,
      "r2": -30.21258952497667,
      "slope": 0.4641343798102337,
      "smape": 176.13135336380785
    },
    "target_r2_bootstrap": {
      "r2_ci_lower": -33.03274287802838,
      "r2_ci_upper": -28.151849194781953,
      "r2_mean": -30.33517869715075
    }
  },
  "features": [
    "ncores",
    "timelimit"
  ],
  "label": {
    "column": "value_memused_max",
    "proxy": true,
    "transform": "log1p"
  },
  "limitations": [
    "Label is a local proxy (value_memused_max) from job_partials, not the authoritative v3 peak_memory_fraction target.",
    "Model uses the feature set specified in the run config; treat this as an ablation baseline, not the final intended Phase 3 feature set."
  ],
  "overlap": {
    "matched_source_n": 58,
    "matched_target_n": 1693,
    "overlap_band": [
      0.2,
      0.8
    ],
    "run_id": "EXP-022_regime_matching_alloc_only_joblevel"
  },
  "pair": {
    "source": "anvil",
    "target": "conte"
  },
  "regime": "cpu_standard",
  "run_id": "EXP-023_modeling_alloc_only_joblevel"
}