{
  "conte\u2192anvil": {
    "log_ncores_ks_stat": 0.8815,
    "log_ncores_ks_pval": 0.0,
    "log_ncores_mean_diff": 2.941457310537818,
    "log_ncores_std_ratio": 1.4918476803265674e+16,
    "log_nhosts_ks_stat": 0.055875,
    "log_nhosts_ks_pval": 8.925642092031663e-05,
    "log_nhosts_mean_diff": -0.08321294519008571,
    "log_nhosts_std_ratio": 0.6244902509972822,
    "log_timelimit_ks_stat": 0.4455,
    "log_timelimit_ks_pval": 1.559096202097633e-287,
    "log_timelimit_mean_diff": 0.3337776900448368,
    "log_timelimit_std_ratio": 0.49283416095984756,
    "log_cores_per_node_ks_stat": 0.8815,
    "log_cores_per_node_ks_pval": 0.0,
    "log_cores_per_node_mean_diff": 2.894856240749238,
    "log_cores_per_node_std_ratio": 8.829957889662426,
    "partition_encoded_ks_stat": 1.0,
    "partition_encoded_ks_pval": 0.0,
    "partition_encoded_mean_diff": 43.885999999999996,
    "partition_encoded_std_ratio": 0.040163226635989056,
    "node_type_encoded_ks_stat": 0.999,
    "node_type_encoded_ks_pval": 0.0,
    "runtime_efficiency_ks_stat": 0.26775,
    "runtime_efficiency_ks_pval": 1.8219826478376023e-101,
    "runtime_efficiency_mean_diff": -0.15003381568575863,
    "runtime_efficiency_std_ratio": 0.44265860744858243,
    "timed_out_ks_stat": 0.038,
    "timed_out_ks_pval": 0.01938200074765095,
    "timed_out_mean_diff": -0.03799999999999999,
    "timed_out_std_ratio": 0.706606840435822,
    "failed_ks_stat": 0.167875,
    "failed_ks_pval": 8.002280135272079e-40,
    "failed_mean_diff": -0.167875,
    "failed_std_ratio": 0.7346605184088103
  },
  "anvil\u2192conte": {
    "log_ncores_ks_stat": 0.878875,
    "log_ncores_ks_pval": 0.0,
    "log_ncores_mean_diff": -2.8758150579291644,
    "log_ncores_std_ratio": 6.804066164855237e-17,
    "log_nhosts_ks_stat": 0.0625,
    "log_nhosts_ks_pval": 7.2166037476214475e-06,
    "log_nhosts_mean_diff": 0.09052510174013395,
    "log_nhosts_std_ratio": 1.7015570452010027,
    "log_timelimit_ks_stat": 0.430125,
    "log_timelimit_ks_pval": 2.7886132210468722e-267,
    "log_timelimit_mean_diff": -0.2595449212863521,
    "log_timelimit_std_ratio": 2.0105660066944773,
    "log_cores_per_node_ks_stat": 0.878875,
    "log_cores_per_node_ks_pval": 0.0,
    "log_cores_per_node_mean_diff": -2.8433441397488957,
    "log_cores_per_node_std_ratio": 0.11394553002833206,
    "partition_encoded_ks_stat": 1.0,
    "partition_encoded_ks_pval": 0.0,
    "partition_encoded_mean_diff": -44.676625,
    "partition_encoded_std_ratio": 25.210958143824048,
    "node_type_encoded_ks_stat": 0.998625,
    "node_type_encoded_ks_pval": 0.0,
    "node_type_encoded_mean_diff": -1.9957500000000001,
    "node_type_encoded_std_ratio": 0.0,
    "runtime_efficiency_ks_stat": 0.255625,
    "runtime_efficiency_ks_pval": 2.0754366609067355e-92,
    "runtime_efficiency_mean_diff": 0.1303454597134148,
    "runtime_efficiency_std_ratio": 1.4176633000288705,
    "timed_out_ks_stat": 0.034625,
    "timed_out_ks_pval": 0.042534132873940145,
    "timed_out_mean_diff": 0.034624999999999996,
    "timed_out_std_ratio": 1.3674708837453622,
    "failed_ks_stat": 0.148125,
    "failed_ks_pval": 4.584626317635858e-31,
    "failed_mean_diff": 0.14812499999999998,
    "failed_std_ratio": 1.292138096874461
  }
}