cluster,n_jobs,peak_min,peak_p01,peak_p10,peak_p50,peak_p90,peak_p99,peak_max,peak_mean,peak_std,node_ram_gb,likely_unit_bytes,likely_unit_kb,likely_unit_mb,likely_unit_gb,p90_ratio_nodeRAM_bytes,p90_ratio_nodeRAM_kb,p90_ratio_nodeRAM_mb,p90_ratio_nodeRAM_gb
S,1090728,0.020673181861639023,3.7899277114868166,4.198321151733398,6.636474609375,20.804799270629893,30.447055206298828,151.69458770751953,9.730290083535778,7.079760080185273,32,1,1,1,1,6.054993506587894e-10,6.200313350746004e-07,0.0006349120871163908,0.6501499772071841
C,266114,1.180558204650879,1.2681448554992676,1.9769664764404298,4.490342140197754,15.516895484924317,31.859386444091797,31.947223663330078,6.862449056748235,6.6752479959999205,128,1,1,1,1,1.1290027385202351e-10,1.1560988042447207e-07,0.0001183845175546594,0.12122574597597123
NONE,191221,11.836922,13.9649962,16.689484,48.511192,117.19423,241.2041619999999,996.76025,58.978864467568954,49.680584465681726,256,1,1,1,1,4.2635012505343186e-10,4.365825280547142e-07,0.00044706050872802736,0.4577899609375
