cluster,n_jobs,log_peak_mean,log_peak_std,log_peak_min,log_peak_p25,log_peak_p50,log_peak_p75,log_peak_max
S,1090728,2.0625669565902975,0.6511102751816257,-3.878917980916797,1.583535404548821,1.8925808901706613,2.4800447803495302,5.021869208114331
C,266114,1.5990550920009476,0.7652662681472757,0.16598738141131153,1.0034745818841524,1.501928899306227,2.0224865483187635,3.4640852807514437
NONE,191221,3.8069945017692493,0.7272485399118934,2.471223629442569,3.148374559183645,3.881794534208376,4.302642730774808,6.904510269629709
