cluster,n_multinode_jobs,log_corr_peak_nhosts,linreg_slope,linreg_r2,linreg_pvalue,interpretation
S,914890,-0.029459825404839053,-0.012942530713907717,0.0008678813128835958,9.091301055346986e-175,likely_max_per_node
C,111254,0.0769002295547753,0.06971193541813807,0.005913645305576854,1.6065193314419162e-145,likely_max_per_node
NONE,18776,0.015239423716334532,0.021240114868567504,0.00023224003520597823,0.036782271144467846,likely_max_per_node
