test_cluster,test_mem_coverage,n_test,test_mem_coverage_pct
C,0.9998395949883322,525165,99.98395949883322
NONE,0.984040055322662,107231,98.4040055322662
S,0.999991008452055,166798,99.9991008452055
