r2,mae_log,mdae_log,smape,model_name,test_cluster,train_n,test_n
-0.039415736557893544,0.45631545373008914,0.1256426440720957,12.547762271244332,conte,conte,3561,72364
0.6749850726958087,0.6657633624985787,0.6799097573434513,65.48673681495117,anvil,anvil,111773,62
-4.039565193808667,2.717619573123404,2.2453300539017382,161.69715545823365,conte→anvil,anvil,3561,62
-9.791025050921931,2.4874135509486113,2.6017508942122696,172.3896657109293,anvil→conte,conte,111773,72364
-2.286066817559486,1.0270079966815153,0.6553941480426668,63.28997492786495,pooled_no_id,conte,115334,72364
0.6805572531067563,0.6611712091647303,0.6728006175049246,64.85134741518806,pooled_no_id,anvil,115334,62
0.2608881233555299,0.38082168466799593,0.13741318269775293,13.719730595073553,pooled_with_id,conte,115334,72364
0.6899117179942194,0.6485364671661964,0.6144248016053278,59.57976474667945,pooled_with_id,anvil,115334,62
